__FALLBACK__	42	291	51	301
🏴󠁧󠁢󠁥󠁮󠁧󠁿	0	0	12	10
🏴󠁧󠁢󠁳󠁣󠁴󠁿	12	0	24	10
🏴󠁧󠁢󠁷󠁬󠁳󠁿	24	0	36	10
👨‍👨‍👦‍👦	36	0	48	10
👨‍👨‍👧‍👦	48	0	60	10
👨‍👨‍👧‍👧	60	0	72	10
👨‍👩‍👦‍👦	72	0	84	10
👨‍👩‍👧‍👦	84	0	96	10
👨‍👩‍👧‍👧	96	0	108	10
👩‍👩‍👦‍👦	108	0	120	10
👩‍👩‍👧‍👦	120	0	132	10
👩‍👩‍👧‍👧	132	0	144	10
👨‍❤️‍👨	144	0	156	10
👩‍❤️‍👨	156	0	168	10
👩‍❤️‍👩	168	0	180	10
⛹️‍♀️	180	0	191	10
⛹️‍♂️	191	0	202	10
🏋️‍♀️	202	0	214	10
🏋️‍♂️	214	0	226	10
🏌️‍♀️	226	0	235	10
🏌️‍♂️	235	0	244	10
🏳️‍⚧️	244	0	253	10
👁️‍🗨️	253	0	263	10
👨‍👦‍👦	263	0	274	10
👨‍👧‍👦	274	0	286	10
👨‍👧‍👧	286	0	298	10
👨‍👨‍👦	298	0	310	10
👨‍👨‍👧	310	0	322	10
👨‍👩‍👦	322	0	334	10
👨‍👩‍👧	334	0	346	10
👩‍👦‍👦	346	0	357	10
👩‍👧‍👦	357	0	369	10
👩‍👧‍👧	369	0	381	10
👩‍👩‍👦	381	0	393	10
👩‍👩‍👧	393	0	405	10
❤️‍🔥	405	0	417	10
❤️‍🩹	417	0	428	10
🏃‍♀️	428	0	440	10
🏃‍♂️	440	0	452	10
🏄‍♀️	452	0	464	10
🏄‍♂️	464	0	476	10
🏊‍♀️	476	0	488	10
🏊‍♂️	488	0	500	10
🏳️‍🌈	500	0	509	10
🏴‍☠️	509	0	518	10
🐻‍❄️	518	0	529	10
👨‍⚕️	529	0	538	10
👨‍⚖️	538	0	548	10
👩‍⚕️	548	0	557	10
👩‍⚖️	557	0	567	10
👱‍♀️	567	0	577	10
👱‍♂️	577	0	587	10
👳‍♀️	587	0	597	10
👳‍♂️	597	0	607	10
💁‍♀️	607	0	617	10
💁‍♂️	617	0	627	10
💂‍♀️	627	0	638	10
💂‍♂️	0	10	7	20
💆‍♀️	7	10	16	20
💆‍♂️	16	10	25	20
💇‍♀️	25	10	34	20
💇‍♂️	34	10	43	20
😶‍🌫️	43	10	52	20
🙅‍♀️	52	10	61	20
🙅‍♂️	61	10	70	20
🙆‍♀️	70	10	81	20
🙆‍♂️	81	10	92	20
🙇‍♀️	92	10	101	20
🙇‍♂️	101	10	110	20
🙋‍♀️	110	10	120	20
🙋‍♂️	120	10	130	20
🚣‍♀️	130	10	142	20
🚣‍♂️	142	10	154	20
🚴‍♀️	154	10	165	20
🚴‍♂️	165	10	176	20
🚵‍♀️	176	10	188	20
🚵‍♂️	188	10	200	20
🚶‍♀️	200	10	208	20
🚶‍♂️	208	10	216	20
🤸‍♀️	216	10	228	20
🤸‍♂️	228	10	240	20
🤹‍♀️	240	10	249	20
🤹‍♂️	249	10	258	20
🤽‍♀️	258	10	270	20
🤽‍♂️	270	10	282	20
🤾‍♀️	282	10	294	20
🤾‍♂️	294	10	306	20
🧍‍♀️	306	10	312	20
🧍‍♂️	312	10	318	20
🧎‍♀️	318	10	326	20
🧎‍♂️	326	10	334	20
🧑‍⚕️	334	10	343	20
🧑‍⚖️	343	10	353	20
🧔‍♀️	353	10	365	20
🧔‍♂️	365	10	375	20
🧗‍♀️	375	10	384	20
🧗‍♂️	384	10	393	20
🧙‍♀️	393	10	405	20
🧙‍♂️	405	10	417	20
🧜‍♀️	417	10	429	20
🧝‍♂️	429	10	440	20
#️⃣	440	10	449	20
*️⃣	449	10	458	20
0️⃣	458	10	467	20
1️⃣	467	10	476	20
2️⃣	476	10	485	20
3️⃣	485	10	494	20
4️⃣	494	10	503	20
5️⃣	503	10	512	20
6️⃣	512	10	521	20
7️⃣	521	10	530	20
8️⃣	530	10	539	20
9️⃣	539	10	548	20
🐈‍⬛	548	10	558	20
🐕‍🦺	558	10	570	20
🐦‍⬛	570	10	579	20
👨‍👦	579	10	588	20
👨‍👧	588	10	597	20
👨‍💻	597	10	608	20
👨‍💼	608	10	617	20
👨‍🔧	617	10	627	20
👨‍🔬	627	10	637	20
👨‍🚀	0	20	9	30
👨‍🚒	9	20	19	30
👨‍🦯	19	20	31	30
👨‍🦰	31	20	41	30
👨‍🦱	41	20	51	30
👨‍🦲	51	20	61	30
👨‍🦳	61	20	71	30
👨‍🦽	71	20	81	30
👩‍👦	81	20	90	30
👩‍👧	90	20	99	30
👩‍💻	99	20	110	30
👩‍💼	110	20	119	30
👩‍🔧	119	20	129	30
👩‍🔬	129	20	139	30
👩‍🚀	139	20	148	30
👩‍🚒	148	20	158	30
👩‍🦯	158	20	170	30
👩‍🦰	170	20	180	30
👩‍🦱	180	20	190	30
👩‍🦲	190	20	200	30
👩‍🦳	200	20	210	30
👩‍🦽	210	20	220	30
😮‍💨	220	20	229	30
😵‍💫	229	20	238	30
🧑‍🌾	238	20	250	30
🧑‍🍳	250	20	261	30
🧑‍🎓	261	20	272	30
🧑‍💻	272	20	283	30
🧑‍💼	283	20	292	30
🧑‍🔧	292	20	304	30
🧑‍🔬	304	20	314	30
🧑‍🚀	314	20	325	30
🧑‍🚒	325	20	335	30
🧑‍🦯	335	20	347	30
🧑‍🦰	347	20	357	30
🧑‍🦱	357	20	367	30
🧑‍🦲	367	20	377	30
🧑‍🦳	377	20	387	30
🧑‍🦽	387	20	397	30
©️	397	20	409	30
®️	409	20	421	30
‼️	421	20	430	30
⁉️	430	20	441	30
™️	441	20	452	30
ℹ️	452	20	461	30
↔️	461	20	470	30
↕️	470	20	479	30
↖️	479	20	488	30
↗️	488	20	497	30
↘️	497	20	506	30
↙️	506	20	515	30
↩️	515	20	524	30
↪️	524	20	533	30
⌚️	533	20	542	30
⌛️	542	20	551	30
⌨️	551	20	563	30
⏏️	563	20	575	30
⏩️	575	20	587	30
⏪️	587	20	599	30
⏫️	599	20	611	30
⏬️	611	20	623	30
⏭️	623	20	635	30
⏮️	0	30	12	40
⏯️	12	30	24	40
⏰️	24	30	36	40
⏱️	36	30	47	40
⏲️	47	30	59	40
⏳️	59	30	68	40
⏸️	68	30	80	40
⏹️	80	30	92	40
⏺️	92	30	104	40
Ⓜ️	104	30	113	40
▪️	113	30	118	40
▫️	118	30	123	40
▶️	123	30	135	40
◀️	135	30	147	40
◻️	147	30	154	40
◼️	154	30	161	40
◽️	161	30	167	40
◾️	167	30	173	40
☀️	173	30	182	40
☁️	182	30	191	40
☂️	191	30	200	40
☃️	200	30	212	40
☄️	212	30	224	40
☎️	224	30	236	40
☑️	236	30	249	41
☔️	249	30	258	40
☕️	258	30	267	40
☘️	267	30	279	40
☝️	279	30	288	40
☠️	288	30	299	40
☢️	299	30	311	40
☣️	311	30	322	40
☦️	322	30	333	40
☪️	333	30	344	40
☮️	344	30	355	40
☯️	355	30	366	40
☸️	366	30	377	40
☹️	377	30	386	40
☺️	386	30	395	40
♀️	395	30	402	40
♂️	402	30	410	40
♈️	410	30	421	40
♉️	421	30	432	40
♊️	432	30	443	40
♋️	443	30	454	40
♌️	454	30	465	40
♍️	465	30	476	40
♎️	476	30	487	40
♏️	487	30	498	40
♐️	498	30	509	40
♑️	509	30	520	40
♒️	520	30	531	40
♓️	531	30	542	40
♟️	542	30	552	40
♠️	552	30	561	40
♣️	561	30	572	40
♥️	572	30	583	40
♦️	583	30	592	40
♨️	592	30	601	40
♻️	601	30	612	40
♾️	612	30	621	40
♿️	621	30	633	40
⚒️	0	41	12	51
⚓️	12	41	21	51
⚔️	21	41	33	51
⚕️	33	41	42	51
⚖️	42	41	53	51
⚗️	53	41	64	51
⚙️	64	41	75	51
⚛️	75	41	86	51
⚜️	86	41	97	51
⚠️	97	41	106	51
⚡️	106	41	116	51
⚧️	116	41	128	51
⚪️	128	41	140	51
⚫️	140	41	152	51
⚰️	152	41	163	51
⚱️	163	41	173	51
⚽️	173	41	184	51
⚾️	184	41	195	51
⛄️	195	41	207	51
⛅️	207	41	216	51
⛈️	216	41	225	51
⛎️	225	41	236	51
⛏️	236	41	248	51
⛑️	248	41	259	51
⛓️	259	41	268	51
⛔️	268	41	277	51
⛩️	277	41	286	51
⛪️	286	41	297	51
⛰️	297	41	306	51
⛱️	306	41	315	51
⛲️	315	41	327	51
⛳️	327	41	336	51
⛴️	336	41	348	51
⛵️	348	41	359	51
⛷️	359	41	371	51
⛸️	371	41	380	51
⛹️	380	41	391	51
⛺️	391	41	403	51
⛽️	403	41	412	51
✂️	412	41	424	51
✅️	424	41	433	51
✈️	433	41	444	51
✉️	444	41	456	51
✊️	456	41	468	51
✋️	468	41	480	51
✌️	480	41	490	51
✍️	490	41	502	51
✏️	502	41	514	51
✒️	514	41	525	51
✔️	525	41	534	51
✖️	534	41	543	51
✝️	543	41	554	51
✡️	554	41	565	51
✨️	565	41	574	51
✳️	574	41	583	51
✴️	583	41	592	51
❄️	592	41	603	51
❇️	603	41	612	51
❌️	612	41	621	51
❎️	621	41	630	51
❓️	630	41	637	51
❔️	0	51	7	61
❕️	7	51	12	61
❗️	12	51	17	61
❣️	17	51	26	61
❤️	26	51	37	61
➕️	37	51	45	61
➖️	45	51	54	61
➗️	54	51	62	61
➡️	62	51	71	61
➰️	71	51	80	61
➿️	80	51	92	61
⤴️	92	51	101	61
⤵️	101	51	110	61
⬅️	110	51	119	61
⬆️	119	51	128	61
⬇️	128	51	137	61
⬛️	137	51	149	61
⬜️	149	51	161	61
⭐️	161	51	170	61
⭕️	170	51	179	61
〰️	179	51	191	61
〽️	191	51	203	61
㊗️	203	51	215	61
🀄️	215	51	224	61
🅰️	224	51	233	61
🅱️	233	51	242	61
🅾️	242	51	251	61
🅿️	251	51	260	61
🇦🇨	260	51	272	61
🇦🇩	272	51	284	61
🇦🇪	284	51	296	61
🇦🇫	296	51	308	61
🇦🇬	308	51	319	61
🇦🇮	319	51	331	61
🇦🇱	331	51	343	61
🇦🇲	343	51	355	61
🇦🇴	355	51	367	61
🇦🇶	367	51	379	61
🇦🇷	379	51	391	61
🇦🇸	391	51	403	61
🇦🇹	403	51	415	61
🇦🇺	415	51	427	61
🇦🇼	427	51	439	61
🇦🇽	439	51	451	61
🇦🇿	451	51	463	61
🇧🇦	463	51	475	61
🇧🇧	475	51	486	61
🇧🇩	486	51	498	61
🇧🇪	498	51	509	61
🇧🇫	509	51	520	61
🇧🇬	520	51	532	61
🇧🇭	532	51	544	61
🇧🇮	544	51	555	61
🇧🇯	555	51	567	61
🇧🇱	567	51	579	61
🇧🇲	579	51	591	61
🇧🇳	591	51	603	61
🇧🇴	603	51	615	61
🇧🇶	615	51	627	61
🇧🇷	627	51	638	61
🇧🇸	0	61	12	71
🇧🇹	12	61	24	71
🇧🇻	24	61	36	71
🇧🇼	36	61	48	71
🇧🇾	48	61	60	71
🇧🇿	60	61	72	71
🇨🇦	72	61	83	71
🇨🇨	83	61	95	71
🇨🇩	95	61	107	71
🇨🇫	107	61	118	71
🇨🇬	118	61	129	71
🇨🇭	129	61	138	71
🇨🇮	138	61	149	71
🇨🇰	149	61	161	71
🇨🇱	161	61	173	71
🇨🇲	173	61	184	71
🇨🇳	184	61	193	71
🇨🇴	193	61	205	71
🇨🇵	205	61	216	71
🇨🇷	216	61	228	71
🇨🇺	228	61	239	71
🇨🇻	239	61	251	71
🇨🇼	251	61	263	71
🇨🇽	263	61	275	71
🇨🇾	275	61	287	71
🇨🇿	287	61	299	71
🇩🇪	299	61	311	71
🇩🇬	311	61	323	71
🇩🇯	323	61	335	71
🇩🇰	335	61	347	71
🇩🇲	347	61	359	71
🇩🇴	359	61	370	71
🇩🇿	370	61	382	71
🇪🇦	382	61	394	71
🇪🇨	394	61	406	71
🇪🇪	406	61	418	71
🇪🇬	418	61	430	71
🇪🇭	430	61	442	71
🇪🇷	442	61	454	71
🇪🇸	454	61	466	71
🇪🇹	466	61	478	71
🇪🇺	478	61	487	71
🇫🇮	487	61	499	71
🇫🇯	499	61	511	71
🇫🇰	511	61	523	71
🇫🇲	523	61	534	71
🇫🇴	534	61	546	71
🇫🇷	546	61	557	71
🇬🇦	557	61	569	71
🇬🇧	569	61	581	71
🇬🇩	581	61	593	71
🇬🇪	593	61	605	71
🇬🇫	605	61	616	71
🇬🇬	616	61	627	71
🇬🇭	627	61	638	71
🇬🇮	0	71	12	81
🇬🇱	12	71	24	81
🇬🇲	24	71	36	81
🇬🇳	36	71	47	81
🇬🇵	47	71	59	81
🇬🇶	59	71	71	81
🇬🇷	71	71	83	81
🇬🇸	83	71	95	81
🇬🇹	95	71	107	81
🇬🇺	107	71	119	81
🇬🇼	119	71	131	81
🇬🇾	131	71	143	81
🇭🇰	143	71	154	81
🇭🇲	154	71	166	81
🇭🇳	166	71	178	81
🇭🇷	178	71	190	81
🇭🇹	190	71	202	81
🇭🇺	202	71	214	81
🇮🇨	214	71	225	81
🇮🇩	225	71	237	81
🇮🇪	237	71	248	81
🇮🇱	248	71	257	81
🇮🇲	257	71	269	81
🇮🇳	269	71	280	81
🇮🇴	280	71	292	81
🇮🇶	292	71	303	81
🇮🇷	303	71	314	81
🇮🇸	314	71	326	81
🇮🇹	326	71	337	81
🇯🇪	337	71	348	81
🇯🇲	348	71	360	81
🇯🇴	360	71	372	81
🇯🇵	372	71	383	81
🇰🇪	383	71	395	81
🇰🇬	395	71	406	81
🇰🇭	406	71	418	81
🇰🇮	418	71	429	81
🇰🇲	429	71	441	81
🇰🇳	441	71	453	81
🇰🇵	453	71	465	81
🇰🇷	465	71	477	81
🇰🇼	477	71	489	81
🇰🇾	489	71	501	81
🇰🇿	501	71	513	81
🇱🇦	513	71	525	81
🇱🇧	525	71	536	81
🇱🇨	536	71	547	81
🇱🇮	547	71	559	81
🇱🇰	559	71	571	81
🇱🇷	571	71	583	81
🇱🇸	583	71	594	81
🇱🇹	594	71	606	81
🇱🇺	606	71	618	81
🇱🇻	618	71	630	81
🇱🇾	0	81	12	91
🇲🇦	12	81	23	91
🇲🇨	23	81	35	91
🇲🇩	35	81	46	91
🇲🇪	46	81	57	91
🇲🇫	57	81	68	91
🇲🇬	68	81	80	91
🇲🇭	80	81	92	91
🇲🇰	92	81	103	91
🇲🇱	103	81	114	91
🇲🇲	114	81	125	91
🇲🇳	125	81	136	91
🇲🇴	136	81	148	91
🇲🇵	148	81	160	91
🇲🇶	160	81	171	91
🇲🇷	171	81	182	91
🇲🇸	182	81	194	91
🇲🇹	194	81	206	91
🇲🇺	206	81	218	91
🇲🇻	218	81	229	91
🇲🇼	229	81	240	91
🇲🇽	240	81	252	91
🇲🇾	252	81	264	91
🇲🇿	264	81	276	91
🇳🇦	276	81	288	91
🇳🇨	288	81	300	91
🇳🇪	300	81	311	91
🇳🇫	311	81	322	91
🇳🇬	322	81	333	91
🇳🇮	333	81	344	91
🇳🇱	344	81	356	91
🇳🇴	356	81	368	91
🇳🇵	368	81	377	91
🇳🇷	377	81	389	91
🇳🇺	389	81	401	91
🇳🇿	401	81	413	91
🇴🇲	413	81	425	91
🇵🇦	425	81	437	91
🇵🇪	437	81	448	91
🇵🇫	448	81	459	91
🇵🇬	459	81	471	91
🇵🇭	471	81	483	91
🇵🇰	483	81	495	91
🇵🇱	495	81	507	91
🇵🇲	507	81	519	91
🇵🇳	519	81	531	91
🇵🇷	531	81	543	91
🇵🇸	543	81	555	91
🇵🇹	555	81	567	91
🇵🇼	567	81	579	91
🇵🇾	579	81	591	91
🇶🇦	591	81	603	91
🇷🇪	603	81	614	91
🇷🇴	614	81	625	91
🇷🇸	625	81	637	91
🇷🇺	0	91	12	101
🇷🇼	12	91	24	101
🇸🇦	24	91	36	101
🇸🇧	36	91	48	101
🇸🇨	48	91	60	101
🇸🇩	60	91	72	101
🇸🇪	72	91	84	101
🇸🇬	84	91	96	101
🇸🇭	96	91	108	101
🇸🇮	108	91	120	101
🇸🇯	120	91	132	101
🇸🇰	132	91	144	101
🇸🇱	144	91	156	101
🇸🇲	156	91	167	101
🇸🇳	167	91	178	101
🇸🇴	178	91	189	101
🇸🇷	189	91	200	101
🇸🇸	200	91	212	101
🇸🇹	212	91	224	101
🇸🇻	224	91	235	101
🇸🇽	235	91	247	101
🇸🇾	247	91	258	101
🇸🇿	258	91	270	101
🇹🇦	270	91	282	101
🇹🇨	282	91	294	101
🇹🇩	294	91	305	101
🇹🇫	305	91	317	101
🇹🇬	317	91	328	101
🇹🇭	328	91	339	101
🇹🇯	339	91	350	101
🇹🇰	350	91	362	101
🇹🇱	362	91	374	101
🇹🇲	374	91	386	101
🇹🇳	386	91	398	101
🇹🇴	398	91	410	101
🇹🇷	410	91	422	101
🇹🇹	422	91	433	101
🇹🇻	433	91	445	101
🇹🇼	445	91	457	101
🇹🇿	457	91	469	101
🇺🇦	469	91	481	101
🇺🇬	481	91	493	101
🇺🇲	493	91	502	101
🇺🇳	502	91	513	101
🇺🇸	513	91	522	101
🇺🇾	522	91	534	101
🇺🇿	534	91	546	101
🇻🇦	546	91	558	101
🇻🇨	558	91	569	101
🇻🇪	569	91	580	101
🇻🇬	580	91	592	101
🇻🇮	592	91	604	101
🇻🇳	604	91	615	101
🇻🇺	615	91	627	101
🇼🇫	627	91	639	101
🇼🇸	0	101	12	111
🇽🇰	12	101	24	111
🇾🇪	24	101	36	111
🇾🇹	36	101	48	111
🇿🇦	48	101	60	111
🇿🇲	60	101	72	111
🇿🇼	72	101	84	111
🈂️	84	101	93	111
🈚️	93	101	105	111
🈯️	105	101	117	111
🈷️	117	101	126	111
🌍️	126	101	138	111
🌎️	138	101	150	111
🌏️	150	101	162	111
🌕️	162	101	171	111
🌜️	171	101	178	111
🌡️	178	101	185	111
🌤️	185	101	194	111
🌥️	194	101	203	111
🌦️	203	101	212	111
🌧️	212	101	221	111
🌨️	221	101	230	111
🌩️	230	101	239	111
🌪️	239	101	248	111
🌫️	248	101	260	111
🌬️	260	101	272	111
🌶️	272	101	281	111
🍸️	281	101	292	111
🍽️	292	101	304	111
🎓️	304	101	313	111
🎖️	313	101	322	111
🎗️	322	101	333	111
🎙️	333	101	341	111
🎚️	341	101	350	111
🎛️	350	101	359	111
🎞️	359	101	371	111
🎟️	371	101	383	111
🎧️	383	101	395	111
🎬️	395	101	404	111
🎭️	404	101	416	111
🎮️	416	101	428	111
🏂️	428	101	440	111
🏄️	440	101	452	111
🏆️	452	101	463	111
🏊️	463	101	475	111
🏋️	475	101	487	111
🏌️	487	101	496	111
🏎️	496	101	508	111
🏔️	508	101	517	111
🏕️	517	101	526	111
🏖️	526	101	535	111
🏗️	535	101	547	111
🏘️	547	101	559	111
🏙️	559	101	571	111
🏚️	571	101	580	111
🏛️	580	101	589	111
🏜️	589	101	598	111
🏝️	598	101	607	111
🏞️	607	101	619	111
🏟️	619	101	631	111
🏠️	0	111	11	121
🏭️	11	111	22	121
🏳️	22	111	31	121
🏵️	31	111	42	120
🏷️	42	111	54	120
🐈️	54	111	64	121
🐕️	64	111	76	121
🐟️	76	111	88	121
🐦️	88	111	97	121
🐿️	97	111	109	121
👁️	109	111	119	121
👂️	119	111	128	121
👆️	128	111	140	121
👇️	140	111	152	121
👈️	152	111	164	121
👉️	164	111	176	121
👍️	176	111	185	121
👎️	185	111	194	121
👓️	194	111	203	121
👽️	203	111	212	121
💣️	212	111	221	121
💰️	221	111	230	121
💳️	230	111	242	121
💻️	242	111	254	121
💿️	254	111	266	121
📋️	266	111	275	121
📚️	275	111	286	121
📟️	286	111	298	121
📤️	298	111	310	121
📥️	310	111	322	121
📦️	322	111	334	121
📪️	334	111	346	121
📫️	346	111	358	121
📬️	358	111	370	121
📭️	370	111	382	121
📷️	382	111	391	121
📹️	391	111	403	121
📺️	403	111	412	121
📻️	412	111	421	121
📽️	421	111	433	121
🔈️	433	111	442	121
🔍️	442	111	451	121
🔒️	451	111	460	121
🔓️	460	111	469	121
🕉️	469	111	480	121
🕊️	480	111	492	121
🕐️	492	111	501	121
🕑️	501	111	510	121
🕒️	510	111	519	121
🕓️	519	111	528	121
🕔️	528	111	537	121
🕕️	537	111	546	121
🕖️	546	111	555	121
🕗️	555	111	564	121
🕘️	564	111	573	121
🕙️	573	111	582	121
🕚️	582	111	591	121
🕛️	591	111	600	121
🕜️	600	111	609	121
🕝️	609	111	618	121
🕞️	618	111	627	121
🕟️	627	111	636	121
🕠️	0	121	9	131
🕡️	9	121	18	131
🕢️	18	121	27	131
🕣️	27	121	36	131
🕤️	36	121	45	131
🕥️	45	121	54	131
🕦️	54	121	63	131
🕧️	63	121	72	131
🕯️	72	121	81	131
🕰️	81	121	92	131
🕳️	92	121	101	131
🕴️	101	121	107	131
🕵️	107	121	117	131
🕶️	117	121	126	131
🕷️	126	121	138	131
🕸️	138	121	147	131
🕹️	147	121	156	131
🖇️	156	121	168	131
🖊️	168	121	180	131
🖋️	180	121	191	131
🖌️	191	121	203	131
🖍️	203	121	215	131
🖐️	215	121	227	131
🖥️	227	121	236	131
🖨️	236	121	245	131
🖱️	245	121	254	131
🖲️	254	121	266	131
🖼️	266	121	278	131
🗂️	278	121	290	131
🗃️	290	121	302	131
🗄️	302	121	313	131
🗑️	313	121	324	131
🗒️	324	121	333	131
🗓️	333	121	343	131
🗜️	343	121	352	131
🗝️	352	121	364	131
🗞️	364	121	376	131
🗡️	376	121	388	131
🗣️	388	121	400	131
🗨️	400	121	409	131
🗯️	409	121	421	131
🗳️	421	121	433	131
🗺️	433	121	445	131
😐️	445	121	454	131
🚇️	454	121	466	131
🚍️	466	121	478	131
🚑️	478	121	490	131
🚔️	490	121	500	131
🚘️	500	121	510	131
🚭️	510	121	522	131
🚲️	522	121	534	131
🚹️	534	121	546	131
🚺️	546	121	557	131
🚼️	557	121	569	131
🛋️	569	121	581	131
🛍️	581	121	592	131
🛎️	592	121	603	131
🛏️	603	121	612	131
🛠️	612	121	621	131
🛡️	621	121	630	131
🛢️	630	121	639	131
🛣️	0	131	12	141
🛤️	12	131	24	141
🛥️	24	131	36	141
🛩️	36	131	48	141
🛰️	48	131	59	141
🛳️	59	131	71	141
🃏	71	131	80	141
🆎	80	131	89	141
🆑	89	131	98	141
🆒	98	131	110	141
🆓	110	131	122	141
🆔	122	131	131	141
🆕	131	131	143	141
🆖	143	131	155	141
🆗	155	131	167	141
🆘	167	131	179	141
🆙	179	131	191	141
🆚	191	131	202	141
🈁	202	131	211	141
🈲	211	131	223	141
🈳	223	131	234	141
🈴	234	131	243	141
🈵	243	131	255	141
🈶	255	131	266	141
🈸	266	131	275	141
🈹	275	131	287	141
🈺	287	131	299	141
🉐	299	131	311	141
🉑	311	131	322	141
🌀	322	131	331	141
🌁	331	131	343	141
🌂	343	131	352	141
🌃	352	131	364	141
🌄	364	131	376	141
🌅	376	131	388	141
🌆	388	131	400	141
🌇	400	131	412	141
🌈	412	131	421	141
🌉	421	131	433	141
🌊	433	131	445	141
🌋	445	131	454	141
🌌	454	131	466	141
🌐	466	131	477	141
🌑	477	131	486	141
🌒	486	131	495	141
🌓	495	131	504	141
🌔	504	131	513	141
🌖	513	131	522	141
🌗	522	131	531	141
🌘	531	131	540	141
🌙	540	131	549	141
🌚	549	131	558	141
🌛	558	131	565	141
🌝	565	131	574	141
🌞	574	131	583	141
🌟	583	131	592	141
🌠	592	131	604	141
🌭	604	131	613	141
🌮	613	131	622	141
🌯	622	131	628	141
🌰	628	131	640	141
🌱	0	141	9	151
🌲	9	141	18	151
🌳	18	141	30	150
🌴	30	141	39	151
🌵	39	141	48	151
🌷	48	141	57	151
🌸	57	141	69	151
🌹	69	141	78	151
🌺	78	141	90	151
🌻	90	141	97	151
🌼	97	141	109	151
🌽	109	141	116	151
🌾	116	141	128	151
🌿	128	141	137	151
🍀	137	141	146	151
🍁	146	141	157	151
🍂	157	141	169	151
🍃	169	141	178	151
🍄	178	141	187	151
🍅	187	141	196	151
🍆	196	141	205	151
🍇	205	141	214	151
🍈	214	141	223	151
🍉	223	141	231	151
🍊	231	141	240	151
🍋	240	141	249	151
🍌	249	141	258	151
🍍	258	141	265	151
🍎	265	141	274	151
🍏	274	141	283	151
🍐	283	141	292	151
🍑	292	141	301	151
🍒	301	141	310	151
🍓	310	141	319	151
🍔	319	141	328	151
🍕	328	141	337	151
🍖	337	141	349	151
🍗	349	141	358	151
🍘	358	141	368	151
🍙	368	141	377	151
🍚	377	141	389	151
🍛	389	141	401	151
🍜	401	141	413	151
🍝	413	141	425	151
🍞	425	141	437	151
🍟	437	141	446	151
🍠	446	141	458	151
🍡	458	141	470	151
🍢	470	141	482	151
🍣	482	141	491	151
🍤	491	141	503	151
🍥	503	141	515	151
🍦	515	141	522	151
🍧	522	141	531	151
🍨	531	141	543	151
🍩	543	141	552	151
🍪	552	141	561	151
🍫	561	141	568	151
🍬	568	141	578	151
🍭	578	141	585	151
🍮	585	141	597	151
🍯	597	141	606	151
🍰	606	141	615	151
🍱	615	141	627	151
🍲	627	141	639	151
🍳	0	151	9	161
🍴	9	151	20	161
🍵	20	151	29	161
🍶	29	151	38	161
🍷	38	151	47	161
🍹	47	151	56	161
🍺	56	151	65	161
🍻	65	151	77	161
🍼	77	151	85	161
🍾	85	151	97	161
🍿	97	151	106	161
🎀	106	151	118	161
🎁	118	151	127	161
🎂	127	151	136	161
🎃	136	151	145	161
🎄	145	151	154	161
🎅	154	151	166	161
🎆	166	151	178	161
🎇	178	151	190	161
🎈	190	151	199	161
🎉	199	151	208	161
🎊	208	151	220	161
🎋	220	151	229	161
🎌	229	151	240	161
🎍	240	151	252	161
🎎	252	151	264	161
🎏	264	151	276	161
🎐	276	151	288	161
🎑	288	151	300	161
🎒	300	151	311	161
🎠	311	151	323	161
🎡	323	151	334	161
🎢	334	151	346	161
🎣	346	151	358	161
🎤	358	151	364	161
🎥	364	151	376	161
🎦	376	151	388	161
🎨	388	151	397	161
🎩	397	151	409	161
🎪	409	151	420	161
🎫	420	151	432	161
🎯	432	151	444	161
🎰	444	151	456	161
🎱	456	151	467	161
🎲	467	151	476	161
🎳	476	151	487	161
🎴	487	151	497	161
🎵	497	151	506	161
🎶	506	151	516	159
🎷	516	151	528	161
🎸	528	151	540	161
🎹	540	151	549	161
🎺	549	151	561	161
🎻	561	151	568	161
🎼	568	151	580	161
🎽	580	151	590	161
🎾	590	151	601	161
🎿	601	151	613	161
🏀	613	151	624	161
🏁	624	151	633	161
🏃	0	161	12	171
🏅	12	161	21	171
🏇	21	161	33	171
🏈	33	161	43	171
🏉	43	161	53	171
🏏	53	161	64	171
🏐	64	161	75	171
🏑	75	161	86	171
🏒	86	161	97	171
🏓	97	161	108	171
🏡	108	161	120	171
🏢	120	161	129	171
🏣	129	161	139	171
🏤	139	161	151	171
🏥	151	161	163	171
🏦	163	161	175	171
🏧	175	161	186	171
🏨	186	161	198	171
🏩	198	161	210	171
🏪	210	161	222	171
🏫	222	161	234	171
🏬	234	161	245	171
🏮	245	161	254	171
🏯	254	161	266	171
🏰	266	161	277	171
🏴	277	161	286	171
🏸	286	161	298	171
🏹	298	161	310	171
🏺	310	161	322	171
🐀	322	161	334	171
🐁	334	161	345	171
🐂	345	161	356	171
🐃	356	161	368	171
🐄	368	161	379	171
🐅	379	161	391	171
🐆	391	161	403	171
🐇	403	161	415	171
🐉	415	161	427	171
🐊	427	161	439	171
🐋	439	161	451	171
🐌	451	161	460	171
🐍	460	161	472	171
🐎	472	161	484	171
🐏	484	161	496	171
🐐	496	161	508	171
🐑	508	161	520	171
🐒	520	161	532	171
🐓	532	161	544	171
🐔	544	161	556	171
🐖	556	161	568	171
🐗	568	161	580	171
🐘	580	161	592	171
🐙	592	161	601	171
🐚	601	161	613	171
🐛	613	161	624	171
🐜	624	161	636	171
🐝	0	171	11	181
🐞	11	171	20	181
🐠	20	171	32	181
🐡	32	171	44	181
🐢	44	171	56	181
🐣	56	171	68	181
🐤	68	171	80	181
🐥	80	171	92	181
🐧	92	171	102	181
🐨	102	171	114	181
🐩	114	171	126	181
🐪	126	171	138	181
🐫	138	171	150	181
🐬	150	171	162	181
🐭	162	171	174	181
🐮	174	171	185	181
🐯	185	171	196	181
🐰	196	171	206	181
🐱	206	171	218	181
🐲	218	171	230	181
🐳	230	171	242	181
🐴	242	171	254	181
🐵	254	171	265	181
🐶	265	171	276	181
🐷	276	171	288	181
🐸	288	171	298	181
🐹	298	171	310	181
🐺	310	171	321	181
🐻	321	171	333	181
🐼	333	171	345	181
🐽	345	171	356	181
🐾	356	171	368	181
👀	368	171	377	181
👃	377	171	387	181
👄	387	171	398	181
👅	398	171	409	181
👊	409	171	420	181
👋	420	171	432	181
👌	432	171	442	181
👏	442	171	454	181
👐	454	171	465	181
👑	465	171	474	181
👒	474	171	486	181
👔	486	171	497	181
👕	497	171	509	181
👖	509	171	521	181
👗	521	171	530	181
👘	530	171	542	181
👙	542	171	553	181
👚	553	171	564	181
👛	564	171	576	181
👜	576	171	588	181
👝	588	171	600	181
👞	600	171	610	181
👟	610	171	620	181
👠	620	171	630	181
👡	630	171	640	181
👢	0	181	10	191
👣	10	181	22	191
👤	22	181	31	191
👥	31	181	43	191
👨	43	181	53	191
👩	53	181	63	191
👯	63	181	75	191
👱	75	181	85	191
👳	85	181	95	191
👸	95	181	107	191
👹	107	181	118	191
👺	118	181	130	191
👻	130	181	139	191
👼	139	181	150	191
👾	150	181	162	191
👿	162	181	171	191
💀	171	181	180	191
💁	180	181	190	191
💂	190	181	197	191
💃	197	181	209	191
💄	209	181	215	191
💅	215	181	227	191
💆	227	181	236	191
💇	236	181	245	191
💈	245	181	251	191
💉	251	181	258	191
💊	258	181	265	191
💋	265	181	274	191
💌	274	181	283	191
💍	283	181	293	191
💎	293	181	302	191
💐	302	181	313	191
💒	313	181	325	191
💓	325	181	336	191
💔	336	181	348	191
💕	348	181	360	191
💖	360	181	371	191
💗	371	181	382	191
💘	382	181	394	191
💙	394	181	405	191
💚	405	181	416	191
💛	416	181	427	191
💜	427	181	438	191
💝	438	181	449	191
💞	449	181	461	191
💟	461	181	472	191
💠	472	181	483	191
💡	483	181	490	191
💢	490	181	499	191
💤	499	181	508	191
💥	508	181	520	191
💦	520	181	529	191
💧	529	181	536	191
💨	536	181	548	191
💩	548	181	559	191
💪	559	181	571	191
💫	571	181	583	191
💬	583	181	592	191
💭	592	181	601	191
💮	601	181	613	191
💯	613	181	625	191
💱	625	181	637	191
💲	0	191	9	201
💴	9	191	21	201
💵	21	191	33	201
💶	33	191	45	201
💷	45	191	57	201
💸	57	191	69	201
💹	69	191	81	201
💺	81	191	93	201
💼	93	191	102	201
💽	102	191	114	201
💾	114	191	123	201
📀	123	191	135	201
📁	135	191	147	201
📂	147	191	159	201
📃	159	191	169	201
📄	169	191	178	201
📅	178	191	188	201
📆	188	191	198	201
📇	198	191	210	201
📈	210	191	219	201
📉	219	191	228	201
📊	228	191	237	201
📌	237	191	246	201
📍	246	191	253	201
📎	253	191	260	201
📏	260	191	267	201
📐	267	191	279	201
📑	279	191	289	201
📒	289	191	299	201
📓	299	191	308	201
📔	308	191	317	201
📕	317	191	326	201
📖	326	191	338	201
📗	338	191	347	201
📘	347	191	356	201
📙	356	191	365	201
📛	365	191	374	201
📜	374	191	384	201
📝	384	191	395	201
📞	395	191	405	201
📠	405	191	415	201
📡	415	191	427	201
📢	427	191	439	201
📣	439	191	451	201
📧	451	191	463	201
📨	463	191	475	201
📩	475	191	487	201
📮	487	191	496	201
📯	496	191	507	201
📰	507	191	519	201
📱	519	191	526	201
📲	526	191	537	201
📳	537	191	547	201
📴	547	191	559	201
📵	559	191	568	201
📶	568	191	579	201
📸	579	191	588	201
📼	588	191	599	201
🔀	599	191	611	201
🔁	611	191	623	201
🔂	623	191	635	201
🔃	0	201	12	211
🔄	12	201	24	211
🔅	24	201	33	211
🔆	33	201	42	211
🔇	42	201	51	211
🔉	51	201	60	211
🔊	60	201	69	211
🔋	69	201	78	211
🔌	78	201	85	211
🔎	85	201	94	211
🔏	94	201	106	211
🔐	106	201	117	211
🔑	117	201	126	211
🔔	126	201	135	211
🔕	135	201	144	211
🔖	144	201	156	211
🔗	156	201	167	210
🔘	167	201	179	211
🔙	179	201	191	211
🔚	191	201	203	211
🔛	203	201	215	211
🔜	215	201	226	211
🔝	226	201	238	211
🔞	238	201	247	211
🔟	247	201	256	211
🔠	256	201	268	211
🔡	268	201	280	211
🔢	280	201	292	211
🔣	292	201	304	211
🔤	304	201	316	211
🔥	316	201	325	211
🔦	325	201	334	211
🔧	334	201	346	211
🔨	346	201	354	211
🔩	354	201	360	211
🔪	360	201	371	210
🔫	371	201	383	211
🔬	383	201	395	211
🔭	395	201	406	211
🔮	406	201	415	211
🔯	415	201	426	211
🔰	426	201	436	211
🔱	436	201	447	211
🔲	447	201	456	211
🔳	456	201	465	211
🔴	465	201	474	211
🔵	474	201	483	211
🔶	483	201	492	211
🔷	492	201	501	211
🔸	501	201	510	211
🔹	510	201	519	211
🔺	519	201	528	211
🔻	528	201	537	211
🔼	537	201	546	211
🔽	546	201	555	211
🕋	555	201	566	211
🕍	566	201	577	211
🕎	577	201	588	211
🕺	588	201	600	211
🖕	600	201	611	211
🖖	611	201	623	211
🖤	623	201	634	211
🗻	0	211	12	221
🗼	12	211	21	221
🗽	21	211	30	221
🗾	30	211	42	221
🗿	42	211	51	221
😀	51	211	60	221
😁	60	211	69	221
😂	69	211	78	221
😃	78	211	87	221
😄	87	211	96	221
😅	96	211	105	221
😆	105	211	114	221
😇	114	211	123	221
😈	123	211	132	221
😉	132	211	141	221
😊	141	211	150	221
😋	150	211	159	221
😌	159	211	168	221
😍	168	211	177	221
😎	177	211	186	221
😏	186	211	195	221
😑	195	211	204	221
😒	204	211	213	221
😓	213	211	222	221
😔	222	211	231	221
😕	231	211	240	221
😖	240	211	249	221
😗	249	211	258	221
😘	258	211	267	221
😙	267	211	276	221
😚	276	211	285	221
😛	285	211	294	221
😜	294	211	303	221
😝	303	211	312	221
😞	312	211	321	221
😟	321	211	330	221
😠	330	211	339	221
😡	339	211	348	221
😢	348	211	357	221
😣	357	211	366	221
😤	366	211	375	221
😥	375	211	384	221
😦	384	211	393	221
😧	393	211	402	221
😨	402	211	411	221
😩	411	211	420	221
😪	420	211	429	221
😫	429	211	438	221
😬	438	211	447	221
😭	447	211	456	221
😮	456	211	465	221
😯	465	211	474	221
😰	474	211	483	221
😱	483	211	492	221
😲	492	211	501	221
😳	501	211	510	221
😴	510	211	519	221
😵	519	211	528	221
😶	528	211	537	221
😷	537	211	546	221
😸	546	211	555	221
😹	555	211	564	221
😺	564	211	573	221
😻	573	211	582	221
😼	582	211	591	221
😽	591	211	600	221
😾	600	211	609	221
😿	609	211	618	221
🙀	618	211	627	221
🙁	627	211	636	221
🙂	0	221	9	231
🙃	9	221	18	231
🙄	18	221	27	231
🙅	27	221	36	231
🙆	36	221	47	231
🙇	47	221	56	231
🙈	56	221	66	231
🙉	66	221	76	231
🙊	76	221	86	231
🙋	86	221	96	231
🙌	96	221	105	231
🙏	105	221	114	231
🚀	114	221	123	231
🚁	123	221	134	231
🚂	134	221	146	231
🚃	146	221	157	231
🚄	157	221	169	231
🚅	169	221	181	231
🚆	181	221	193	231
🚉	193	221	205	231
🚊	205	221	214	231
🚋	214	221	226	231
🚌	226	221	238	231
🚎	238	221	250	231
🚏	250	221	261	231
🚐	261	221	273	231
🚒	273	221	285	231
🚓	285	221	297	231
🚕	297	221	309	231
🚖	309	221	319	231
🚗	319	221	331	231
🚙	331	221	343	231
🚚	343	221	355	231
🚛	355	221	367	231
🚜	367	221	376	231
🚝	376	221	388	231
🚟	388	221	400	231
🚠	400	221	409	231
🚡	409	221	418	231
🚢	418	221	427	231
🚣	427	221	439	231
🚤	439	221	451	231
🚥	451	221	463	231
🚦	463	221	472	231
🚧	472	221	484	231
🚨	484	221	493	231
🚩	493	221	501	231
🚪	501	221	510	231
🚫	510	221	519	231
🚬	519	221	530	231
🚮	530	221	542	231
🚯	542	221	554	231
🚰	554	221	566	231
🚱	566	221	578	231
🚳	578	221	590	231
🚴	590	221	601	231
🚵	601	221	613	231
🚶	613	221	621	231
🚷	621	221	633	231
🚸	0	231	12	241
🚻	12	231	24	241
🚽	24	231	34	241
🚾	34	231	46	241
🚿	46	231	55	241
🛀	55	231	67	241
🛁	67	231	79	241
🛂	79	231	91	241
🛃	91	231	103	241
🛄	103	231	115	241
🛅	115	231	127	241
🛌	127	231	136	241
🛐	136	231	147	241
🛑	147	231	159	241
🛒	159	231	170	241
🛖	170	231	179	241
🛗	179	231	191	241
🛜	191	231	202	241
🛝	202	231	214	241
🛞	214	231	225	241
🛟	225	231	234	241
🛫	234	231	246	241
🛬	246	231	258	241
🛴	258	231	270	241
🛵	270	231	282	241
🛶	282	231	294	241
🛷	294	231	306	241
🛸	306	231	317	241
🛹	317	231	329	241
🛺	329	231	341	241
🛻	341	231	353	241
🛼	353	231	364	241
🟠	364	231	373	241
🟡	373	231	382	241
🟢	382	231	391	241
🟣	391	231	400	241
🟤	400	231	409	241
🟥	409	231	418	241
🟦	418	231	427	241
🟧	427	231	436	241
🟨	436	231	445	241
🟩	445	231	454	241
🟪	454	231	463	241
🟫	463	231	472	241
🟰	472	231	481	241
🤌	481	231	493	241
🤍	493	231	504	241
🤎	504	231	515	241
🤏	515	231	527	241
🤐	527	231	536	241
🤑	536	231	545	241
🤒	545	231	554	241
🤓	554	231	563	241
🤔	563	231	572	241
🤕	572	231	581	241
🤖	581	231	590	241
🤗	590	231	601	241
🤘	601	231	612	241
🤙	612	231	624	241
🤚	624	231	636	241
🤛	0	241	12	251
🤜	12	241	24	251
🤝	24	241	36	251
🤞	36	241	46	251
🤟	46	241	58	251
🤠	58	241	67	251
🤡	67	241	76	251
🤢	76	241	85	251
🤣	85	241	97	251
🤤	97	241	106	251
🤥	106	241	115	251
🤦	115	241	124	251
🤧	124	241	133	251
🤨	133	241	142	251
🤩	142	241	151	251
🤪	151	241	160	251
🤫	160	241	169	251
🤬	169	241	178	251
🤭	178	241	187	251
🤮	187	241	196	251
🤯	196	241	205	251
🤰	205	241	214	251
🤱	214	241	224	251
🤳	224	241	236	251
🤸	236	241	248	251
🤹	248	241	257	251
🤺	257	241	268	251
🤽	268	241	280	251
🤾	280	241	292	251
🤿	292	241	303	251
🥀	303	241	314	251
🥁	314	241	325	251
🥂	325	241	337	251
🥃	337	241	346	251
🥄	346	241	358	251
🥅	358	241	370	251
🥇	370	241	377	251
🥈	377	241	384	251
🥉	384	241	391	251
🥊	391	241	400	251
🥋	400	241	412	251
🥌	412	241	423	251
🥍	423	241	431	251
🥎	431	241	442	251
🥏	442	241	454	251
🥐	454	241	466	251
🥑	466	241	475	251
🥒	475	241	484	251
🥓	484	241	493	251
🥔	493	241	502	251
🥕	502	241	511	251
🥖	511	241	520	251
🥗	520	241	529	251
🥘	529	241	541	251
🥙	541	241	553	251
🥚	553	241	562	251
🥛	562	241	571	251
🥜	571	241	583	251
🥝	583	241	592	251
🥞	592	241	601	251
🥟	601	241	611	251
🥠	611	241	623	251
🥡	623	241	635	251
🥢	0	251	8	261
🥣	8	251	20	261
🥤	20	251	29	261
🥥	29	251	38	261
🥦	38	251	47	261
🥧	47	251	56	261
🥨	56	251	65	261
🥩	65	251	75	261
🥪	75	251	87	261
🥫	87	251	96	261
🥬	96	251	105	261
🥭	105	251	114	261
🥯	114	251	126	261
🥰	126	251	135	261
🥱	135	251	144	261
🥲	144	251	153	261
🥳	153	251	164	261
🥴	164	251	173	261
🥵	173	251	182	261
🥶	182	251	191	261
🥷	191	251	200	261
🥸	200	251	209	261
🥹	209	251	218	261
🥺	218	251	227	261
🥻	227	251	237	261
🥼	237	251	249	261
🥽	249	251	261	261
🥾	261	251	272	261
🥿	272	251	282	261
🦀	282	251	294	261
🦁	294	251	303	261
🦂	303	251	315	261
🦃	315	251	327	261
🦄	327	251	336	261
🦅	336	251	348	261
🦆	348	251	359	261
🦇	359	251	370	261
🦈	370	251	382	261
🦉	382	251	393	261
🦊	393	251	404	261
🦋	404	251	413	261
🦌	413	251	425	261
🦍	425	251	437	261
🦎	437	251	449	261
🦐	449	251	460	261
🦑	460	251	471	261
🦒	471	251	482	261
🦓	482	251	494	261
🦔	494	251	506	261
🦕	506	251	518	261
🦖	518	251	530	261
🦗	530	251	542	261
🦘	542	251	554	261
🦙	554	251	566	261
🦚	566	251	578	261
🦜	578	251	589	261
🦝	589	251	601	261
🦞	601	251	613	261
🦟	613	251	625	261
🦠	625	251	637	261
🦡	0	261	12	271
🦢	12	261	23	271
🦣	23	261	35	271
🦤	35	261	47	271
🦥	47	261	59	271
🦦	59	261	71	271
🦧	71	261	83	271
🦨	83	261	93	271
🦩	93	261	105	271
🦪	105	261	117	271
🦫	117	261	129	271
🦬	129	261	138	271
🦭	138	261	150	271
🦮	150	261	162	271
🦯	162	261	174	271
🦰	174	261	186	271
🦱	186	261	198	271
🦲	198	261	210	271
🦳	210	261	222	271
🦴	222	261	231	271
🦵	231	261	243	271
🦶	243	261	255	271
🦷	255	261	264	271
🦸	264	261	273	271
🦹	273	261	285	271
🦺	285	261	297	271
🦻	297	261	308	271
🦾	308	261	320	271
🦿	320	261	331	271
🧀	331	261	340	271
🧁	340	261	349	271
🧂	349	261	358	271
🧃	358	261	365	271
🧄	365	261	377	271
🧅	377	261	387	271
🧆	387	261	399	271
🧇	399	261	408	271
🧈	408	261	420	271
🧉	420	261	430	271
🧊	430	261	442	271
🧋	442	261	449	271
🧌	449	261	460	271
🧍	460	261	466	271
🧎	466	261	474	271
🧐	474	261	483	271
🧑	483	261	493	271
🧔	493	261	503	271
🧗	503	261	512	271
🧙	512	261	524	271
🧞	524	261	533	271
🧟	533	261	542	271
🧠	542	261	551	271
🧡	551	261	562	271
🧣	562	261	571	271
🧤	571	261	581	271
🧥	581	261	593	271
🧦	593	261	604	271
🧧	604	261	612	271
🧨	612	261	619	271
🧩	619	261	628	271
🧪	628	261	635	271
🧫	0	271	12	281
🧬	12	271	24	281
🧭	24	271	33	281
🧮	33	271	45	281
🧯	45	271	55	281
🧰	55	271	67	281
🧱	67	271	76	281
🧲	76	271	85	281
🧳	85	271	97	281
🧴	97	271	105	281
🧵	105	271	116	281
🧶	116	271	126	281
🧷	126	271	138	281
🧸	138	271	147	281
🧹	147	271	159	281
🧺	159	271	170	281
🧻	170	271	182	281
🧼	182	271	190	281
🧽	190	271	199	281
🧾	199	271	209	281
🧿	209	271	221	281
🩰	221	271	232	281
🩱	232	271	241	281
🩲	241	271	250	281
🩳	250	271	259	281
🩴	259	271	266	281
🩵	266	271	277	281
🩶	277	271	288	281
🩷	288	271	299	281
🩸	299	271	306	281
🩹	306	271	313	281
🩺	313	271	325	281
🩻	325	271	334	281
🩼	334	271	346	281
🪀	346	271	354	281
🪁	354	271	366	281
🪂	366	271	375	281
🪃	375	271	387	281
🪄	387	271	396	281
🪅	396	271	408	281
🪇	408	271	420	281
🪈	420	271	432	281
🪐	432	271	442	281
🪑	442	271	451	281
🪒	451	271	461	281
🪓	461	271	469	281
🪔	469	271	479	281
🪕	479	271	491	281
🪖	491	271	502	281
🪗	502	271	511	281
🪘	511	271	522	281
🪙	522	271	534	281
🪚	534	271	540	281
🪛	540	271	552	281
🪜	552	271	561	281
🪝	561	271	571	281
🪞	571	271	580	281
🪟	580	271	591	281
🪠	591	271	600	281
🪡	600	271	611	281
🪢	611	271	620	281
🪣	620	271	632	281
🪤	0	281	11	291
🪥	11	281	22	291
🪦	22	281	31	291
🪧	31	281	40	291
🪨	40	281	49	291
🪩	49	281	60	291
🪪	60	281	72	291
🪫	72	281	81	291
🪬	81	281	93	291
🪭	93	281	105	291
🪮	105	281	114	291
🪯	114	281	125	291
🪰	125	281	137	291
🪱	137	281	149	291
🪲	149	281	158	291
🪳	158	281	169	291
🪴	169	281	178	291
🪵	178	281	187	291
🪶	187	281	199	291
🪷	199	281	208	291
🪸	208	281	217	291
🪹	217	281	229	291
🪺	229	281	241	291
🪻	241	281	250	291
🪼	250	281	262	291
🪽	262	281	274	291
🪿	274	281	285	291
🫀	285	281	293	291
🫁	293	281	302	291
🫂	302	281	313	291
🫃	313	281	322	291
🫄	322	281	331	291
🫅	331	281	343	291
🫎	343	281	353	291
🫏	353	281	365	291
🫐	365	281	374	291
🫑	374	281	383	291
🫒	383	281	391	291
🫓	391	281	403	291
🫔	403	281	415	291
🫕	415	281	427	291
🫖	427	281	439	291
🫗	439	281	451	291
🫘	451	281	460	291
🫙	460	281	469	291
🫚	469	281	480	291
🫛	480	281	492	291
🫠	492	281	501	291
🫡	501	281	510	291
🫢	510	281	519	291
🫣	519	281	528	291
🫤	528	281	537	291
🫥	537	281	546	291
🫦	546	281	557	291
🫧	557	281	566	291
🫨	566	281	578	291
🫰	578	281	588	291
🫱	588	281	600	291
🫲	600	281	612	291
🫳	612	281	624	291
🫴	624	281	636	291
🫵	0	291	12	301
🫶	12	291	24	301
🫷	24	291	33	301
🫸	33	291	42	301
